"0","gtsave(data = gt_table1, filename = ""../figures/table1.docx"")
"
"1","[1m[33mError[39m in `rlang::abort()`:[22m
[38;5;255m[33m![38;5;255m `call` must be a call or environment, not a function.[39m
Backtrace:
[90m 1. [39m[1mgt[22m::gtsave(data = gt_table1, filename = ""../figures/table1.docx"")
[90m 2. [39mgt:::stop_if_not_gt_tbl_or_group(data = data)
[90m 3. [39m[1mcli[22m::cli_abort(...)
[90m 4. [39m[1m[94mrlang::abort([39m[22m[1m[95mcall = call[39m[22m[1m[94m)[39m[22m
"
